iteration,error
1,4.40441
2,0.31824
3,0.30954
4,0.30876
5,0.30868
6,0.30867
7,0.30866
20,0.30865
