iteration,error
1,4.42116
2,0.32186
3,0.30685
4,0.30233
5,0.3012
6,0.3009
7,0.30081
8,0.30078
9,0.30076
11,0.30075
