iteration,error
1,4.49739
2,0.29549
3,0.28657
