iteration,error
1,4.48116
2,0.29897
3,0.29714
4,0.29703
5,0.2969
6,0.29685
7,0.29684
8,0.29683
