iteration,error
1,4.8082
2,0.31794
3,0.31279
4,0.31255
5,0.31254
