iteration,error
1,4.56269
2,0.28158
