iteration,error
1,4.55103
2,0.29909
