iteration,error
1,18.42803
118,18.42802
242,18.42801
390,18.428
656,18.42799
