iteration,error
1,18.43508
2,18.4346
3,18.43413
4,18.43368
5,18.43325
6,18.43284
7,18.43244
8,18.43208
9,18.43173
10,18.43141
11,18.43111
12,18.43083
13,18.43058
14,18.43034
15,18.43013
16,18.42993
17,18.42975
18,18.42958
19,18.42943
20,18.4293
21,18.42917
22,18.42906
23,18.42896
24,18.42886
25,18.42878
26,18.4287
27,18.42863
28,18.42857
29,18.42851
30,18.42846
31,18.42842
32,18.42837
33,18.42834
34,18.4283
35,18.42827
36,18.42824
37,18.42822
38,18.4282
39,18.42818
40,18.42816
41,18.42814
42,18.42813
43,18.42811
44,18.4281
45,18.42809
46,18.42808
47,18.42807
48,18.42806
49,18.42805
51,18.42804
53,18.42803
55,18.42802
58,18.42801
63,18.428
72,18.42799
