iteration,error
1,4.73177
2,0.32059
3,0.30756
4,0.30531
5,0.30488
6,0.30478
7,0.30474
8,0.30472
10,0.30471
