iteration,error
1,4.46873
2,0.30154
