iteration,error
1,4.70947
2,0.36412
3,0.28124
